title,type,duration
Article 15,Movie,125 min
Kill Me If You Dare,Movie,100 min
The Spy,TV Show,1 Season
The World We Make,Movie,108 min
Watchman,Movie,93 min
Mo Gilligan: Momentum,Movie,64 min
Domino,Movie,89 min
TUNA GIRL,Movie,90 min
Bard of Blood,TV Show,1 Season
Dragons: Rescue Riders,TV Show,1 Season
Skylines,TV Show,1 Season
The Politician,TV Show,1 Season
Malaal,Movie,133 min
Birders,Movie,38 min
Furie,Movie,97 min
Oh! Baby (Malayalam),Movie,146 min
Oh! Baby (Tamil),Movie,146 min
Inside Man: Most Wanted,Movie,106 min
Manmadhudu 2,Movie,152 min
Team Kaylie,TV Show,1 Season
BONDING,TV Show,1 Season
Vagabond,TV Show,1 Season
Criminal: France,TV Show,1 Season
Criminal: Germany,TV Show,1 Season
Criminal: Spain,TV Show,1 Season
Criminal: UK,TV Show,1 Season
Daddy Issues,Movie,82 min
The Hockey Girls,TV Show,1 Season
True: Tricky Treat Day,Movie,24 min
Kabir Singh,Movie,171 min
When the Camellia Blooms,TV Show,1 Season
Avengement,Movie,88 min
The Last Kids on Earth,TV Show,1 Season
Surviving R. Kelly,TV Show,1 Season
The Outsider,Movie,86 min
Oh! Baby,Movie,157 min
American Warfighter,Movie,106 min
Deviant Love,Movie,87 min
Marianne,TV Show,1 Season
Monarca,TV Show,1 Season
Shanghai Fortress,Movie,107 min
Tall Girl,Movie,103 min
Top Boy,TV Show,1 Season
Unbelievable,TV Show,1 Season
The I-Land,TV Show,1 Season
"The Mind, Explained",TV Show,1 Season
Bill Burr: Paper Tiger,Movie,67 min
Evelyn,Movie,96 min
Our Godfather,Movie,93 min
Mokalik (Mechanic),Movie,100 min
Uncle Naji in UAE,Movie,95 min
After,Movie,106 min
Rhythm + Flow,TV Show,1 Season
Deon Cole: Cole Hearted,Movie,70 min
My Country: The New Age,TV Show,1 Season
Noblemen,Movie,109 min
Brother in Love,Movie,110 min
In the Tall Grass,Movie,102 min
Kids on the Block,Movie,102 min
Raising Dion,TV Show,1 Season
Nowhere Man,TV Show,1 Season
Mehandi Circus,Movie,126 min
Tunnel,TV Show,1 Season
Seis Manos,TV Show,1 Season
A 3 Minute Hug,Movie,28 min
"Wait, My Youth",TV Show,1 Season
The Last Whistle,Movie,88 min
Incoming,Movie,89 min
Assimilate,Movie,94 min
Brotherhood,TV Show,1 Season
Dolemite Is My Name,Movie,118 min
It Takes a Lunatic,Movie,127 min
Nailed It! France,TV Show,1 Season
Nailed It! Spain,TV Show,1 Season
Prank Encounters,TV Show,1 Season
Rattlesnake,Movie,86 min
The Untamed,TV Show,1 Season
Daybreak,TV Show,1 Season
Echo in the Canyon,Movie,82 min
Revenge of the Pontianak,Movie,92 min
Dancing with the Birds,Movie,52 min
Living Undocumented,TV Show,1 Season
Ready to Mingle,Movie,98 min
Eli,Movie,98 min
Interior Design Masters,TV Show,1 Season
Living with Yourself,TV Show,1 Season
Seventeen,Movie,100 min
Tell Me Who I Am,Movie,86 min
The Laundromat,Movie,96 min
Unnatural Selection,TV Show,1 Season
Upstarts,Movie,112 min
THE UNLISTED,TV Show,1 Season
Ghosts of Sugar Land,Movie,22 min
Homeland,Movie,73 min
Magical Andes,TV Show,1 Season
Street Flow,Movie,96 min
The Lies Within,TV Show,1 Season
Fractured,Movie,100 min
The Bling Lagosians,Movie,99 min
The Forest of Love,Movie,151 min
The Influence,Movie,102 min
Ultramarine Magmell,TV Show,1 Season
A.M.I.,Movie,77 min
Nikki Glaser: Bangin’,Movie,64 min
Green Eggs and Ham,TV Show,1 Season
Let It Snow,Movie,93 min
Paradise Beach,Movie,94 min
Burning Cane,Movie,78 min
SCAMS,TV Show,1 Season
Seth Meyers: Lobby Baby,Movie,61 min
Tune in for Love,Movie,123 min
Undercover Brother 2,Movie,85 min
Voice,TV Show,1 Season
Oththa Seruppu Size 7,Movie,103 min
The Devil Next Door,TV Show,1 Season
Chocolate,TV Show,1 Season
The Zoya Factor,Movie,135 min
Atlantics,Movie,106 min
I Lost My Body,Movie,81 min
Sugar Rush Christmas,TV Show,1 Season
The Charming Stepmom,TV Show,1 Season
The Movies That Made Us,TV Show,1 Season
Holiday Rush,Movie,94 min
Levius,TV Show,1 Season
Lugar de Mulher,TV Show,1 Season
Merry Happy Whatever,TV Show,1 Season
Mythomaniac,TV Show,1 Season
Broken,TV Show,1 Season
Evvarikee Cheppoddu,Movie,134 min
Little Singham: Mahabali,Movie,69 min
The Irishman,Movie,209 min
True: Winter Wishes,Movie,46 min
Zona Rosa,TV Show,1 Season
Pranaam,Movie,117 min
What the F* Is Going On?,Movie,87 min
Awake,Movie,92 min
Brother,Movie,97 min
Dino Girl Gauko,TV Show,1 Season
Narcoworld: Dope Stories,TV Show,1 Season
Nobody's Looking,TV Show,1 Season
Shelby American,Movie,119 min
Singapore Social,TV Show,1 Season
Mortel,TV Show,1 Season
Bangkok Buddies,TV Show,1 Season
Dorasaani,Movie,134 min
Holiday Secrets,TV Show,1 Season
Mallesham,Movie,131 min
Miss Culinary,TV Show,1 Season
No Time for Shame,TV Show,1 Season
Candy Online,TV Show,1 Season
Earthquake Bird,Movie,107 min
Guna 369,Movie,143 min
House Arrest,Movie,105 min
Klaus,Movie,98 min
The Club,TV Show,1 Season
The Stranded,TV Show,1 Season
My Dear Warrior,TV Show,1 Season
Submission,Movie,95 min
To Be of Service,Movie,88 min
A Remarkable Tale,Movie,94 min
American Son,Movie,90 min
Christmas Break-In,Movie,87 min
Drive,Movie,119 min
Fire in Paradise,Movie,40 min
Hache,TV Show,1 Season
Hello Ninja,TV Show,1 Season
Holiday in the Wild,Movie,86 min
Santa Girl,Movie,91 min
The King,Movie,141 min
The Man Without Gravity,Movie,107 min
We Are the Wave,TV Show,1 Season
Abyss,TV Show,1 Season
I Have a Script,TV Show,1 Season
In the Bosom of a Thorn,TV Show,1 Season
The Writer,TV Show,1 Season
What If?,TV Show,1 Season
Last Breath,Movie,86 min
The Wandering Earth,Movie,125 min
Always Be My Maybe,Movie,102 min
Chopsticks,Movie,101 min
Killer Ratings,TV Show,1 Season
Pegasus,Movie,98 min
When They See Us,TV Show,1 Season
Svaha: The Sixth Finger,Movie,123 min
All In My Family,Movie,40 min
Crime Diaries: Night Out,TV Show,1 Season
Dead to Me,TV Show,1 Season
Despite Everything,Movie,79 min
Flinch,TV Show,1 Season
The Last Summer,Movie,110 min
Tuca & Bertie,TV Show,1 Season
Undercover,TV Show,1 Season
Charmed,TV Show,1 Season
Historical Roasts,TV Show,1 Season
Thackeray,TV Show,1 Season
After Maria,Movie,38 min
Joy,Movie,101 min
Rim of the World,Movie,99 min
The Perfection,Movie,91 min
WHAT / IF,TV Show,1 Season
A Tale of Two Kitchens,Movie,30 min
Wanda Sykes: Not Normal,Movie,66 min
SGT. Will Gardner,Movie,125 min
The Brawler,Movie,95 min
1994,TV Show,1 Season
It's Bruno!,TV Show,1 Season
Maria,Movie,90 min
See You Yesterday,Movie,87 min
Well-Intended Love,TV Show,1 Season
Good Sam,Movie,90 min
PATRICK (2019),Movie,94 min
I Hear You,TV Show,1 Season
Backdraft 2,Movie,102 min
Malibu Rescue,Movie,70 min
The Defected,TV Show,1 Season
Shéhérazade,Movie,111 min
Jailbirds,TV Show,1 Season
The Society,TV Show,1 Season
Wine Country,Movie,104 min
Hidden in Plain Sight,Movie,87 min
Knock Down The House,Movie,88 min
"Roswell, New Mexico",TV Show,1 Season
Sur Sapata,Movie,140 min
The Kindness Diaries,TV Show,1 Season
After Life,TV Show,1 Season
Juanita,Movie,90 min
Lady J,Movie,111 min
Shadow,TV Show,1 Season
Walk. Ride. Rodeo.,Movie,100 min
The Order,TV Show,1 Season
The Hard Way,Movie,94 min
Mercy Black,Movie,88 min
15-Aug,Movie,124 min
Bayonet,Movie,102 min
Osmosis,TV Show,1 Season
The Highwaymen,Movie,132 min
Traitors,TV Show,1 Season
All American,TV Show,1 Season
Delhi Crime,TV Show,1 Season
Most Beautiful Thing,TV Show,1 Season
Selling Sunset,TV Show,1 Season
The Dirt,Movie,108 min
Stay Tuned!,TV Show,1 Season
My Husband Won't Fit,TV Show,1 Season
Amy Schumer Growing,Movie,61 min
Green Door,TV Show,1 Season
"Love, Death & Robots",TV Show,1 Season
Turn Up Charlie,TV Show,1 Season
Triple Frontier,Movie,126 min
Losers,TV Show,1 Season
Northern Rescue,TV Show,1 Season
Beneath the Leaves,Movie,90 min
"Berlin, I Love You",Movie,120 min
Elisa & Marcela,Movie,119 min
I Am Mother,Movie,114 min
Luka Chuppi,Movie,125 min
Pachamama,Movie,71 min
Rock My Heart,Movie,110 min
Tales of the City,TV Show,1 Season
The Black Godfather,Movie,118 min
Alles ist gut,Movie,90 min
Everybody Knows,Movie,133 min
Dolphin Kick,Movie,90 min
Inhuman Kiss,Movie,122 min
Romeo Akbar Walter,Movie,141 min
Super Deluxe,Movie,176 min
7SEEDS,TV Show,1 Season
Exhibit A,TV Show,1 Season
Family Business,TV Show,1 Season
Staged Killer,Movie,88 min
Super Bheem,TV Show,1 Season
The Chosen One,TV Show,1 Season
ANIMA,Movie,15 min
Answer for Heaven,TV Show,1 Season
Daniel Sosa: Maleducado,Movie,55 min
Unbroken,Movie,109 min
Mike Epps: Only One Mike,Movie,63 min
Triple Threat,Movie,96 min
Blood Will Tell,Movie,113 min
Bolívar,TV Show,1 Season
Mr. Iglesias,TV Show,1 Season
Rakkhosh,Movie,116 min
The Wolf's Call,Movie,116 min
Arthdal Chronicles,TV Show,1 Season
Krutant,Movie,114 min
Beats,Movie,110 min
The Edge of Democracy,Movie,122 min
Charité at War,TV Show,1 Season
Life Overtakes Me,Movie,40 min
Luckee,Movie,113 min
Somewhere Only We Know,TV Show,1 Season
The Alcàsser Murders,TV Show,1 Season
DJ Cinderella,Movie,95 min
Leila,TV Show,1 Season
Murder Mystery,Movie,98 min
Trinkets,TV Show,1 Season
Yankee,TV Show,1 Season
Jinn,TV Show,1 Season
The 3rd Eye 2,Movie,117 min
Jo Koy: Comin' In Hot,Movie,60 min
A Thousand Goodnights,TV Show,1 Season
"Oh, Ramona!",Movie,109 min
Then Came You,Movie,97 min
We Are Legends,Movie,109 min
Aziz Ansari: RIGHT NOW,Movie,65 min
Krishna Balram,TV Show,1 Season
In The Dark,TV Show,1 Season
7 (Seven),TV Show,1 Season
All Good Ones Get Away,Movie,83 min
American Hangman,Movie,99 min
The Last Czars,TV Show,1 Season
Mission of Honor,Movie,107 min
Twelve Forever,TV Show,1 Season
Eerie,Movie,100 min
Girls With Balls,Movie,77 min
The Son,Movie,93 min
Another Life,TV Show,1 Season
The Great Hack,Movie,114 min
Eurovision Song Contest,TV Show,1 Season
Sexy Central,TV Show,1 Season
"¡Ay, mi madre!",Movie,81 min
Typewriter,TV Show,1 Season
Secret Obsession,Movie,98 min
Unrequited Love,TV Show,1 Season
4L,Movie,105 min
Blown Away,TV Show,1 Season
Extreme Engagement,TV Show,1 Season
Kidnapping Stella,Movie,90 min
One Spring Night,TV Show,1 Season
Point Blank,Movie,87 min
Taco Chronicles,TV Show,1 Season
True Tunes,TV Show,1 Season
Chhota Bheem,TV Show,1 Season
Family Reunion,TV Show,1 Season
Parchís: the Documentary,Movie,106 min
Soul to Keep,Movie,94 min
Speed Is My Need,Movie,75 min
Kingdom,TV Show,1 Season
Polar,Movie,119 min
Thieves of the Wood,TV Show,1 Season
Close,Movie,95 min
IO,Movie,96 min
Patria,Movie,90 min
Deadcon,Movie,78 min
Jezebel,Movie,86 min
NiNoKuni,Movie,107 min
Eye For An Eye,Movie,108 min
Saving Zoë,Movie,95 min
The Brave,Movie,103 min
Deadly Switch,Movie,86 min
Women of Mafia 2,Movie,132 min
Made in China,Movie,128 min
Sex Education,TV Show,1 Season
The Last Laugh,Movie,99 min
Giri / Haji,TV Show,1 Season
Fall Girls,Movie,80 min
High Flying Bird,Movie,91 min
Nailed It! Mexico,TV Show,1 Season
Romance is a bonus book,TV Show,1 Season
Firebrand,Movie,117 min
Paddleton,Movie,89 min
Paris Is Us,Movie,84 min
The 43,TV Show,1 Season
The Umbrella Academy,TV Show,1 Season
Dating Around,TV Show,1 Season
Always a Witch,TV Show,1 Season
Russian Doll,TV Show,1 Season
True: Happy Hearts Day,Movie,24 min
Velvet Buzzsaw,Movie,113 min
Saaho,Movie,172 min
Nothing to Lose 2,Movie,97 min
Glow Up,TV Show,1 Season
Marriage Story,Movie,137 min
The Confession Killer,TV Show,1 Season
Three Days of Christmas,TV Show,1 Season
Triad Princess,TV Show,1 Season
Virgin River,TV Show,1 Season
Home for Christmas,TV Show,1 Season
V Wars,TV Show,1 Season
Let's Dance,Movie,109 min
The Road to Love,TV Show,1 Season
Aaviri,Movie,110 min
ARASHI's Diary -Voyage-,TV Show,1 Season
How High 2,Movie,89 min
The Neighbor,TV Show,1 Season
Wish Man,Movie,108 min
The Gift,TV Show,1 Season
The App,Movie,79 min
The Bonfire of Destiny,TV Show,1 Season
Doom: Annihilation,Movie,97 min
Grand-Daddy Day Care,Movie,96 min
Jarhead: Law of Return,Movie,103 min
Sweetheart,Movie,83 min
Como caído del cielo,Movie,117 min
Jacob's Ladder,Movie,90 min
Back of the Net,Movie,86 min
Agent,TV Show,1 Season
The Two Popes,Movie,126 min
The Witcher,TV Show,1 Season
After the Raid,Movie,25 min
Twice Upon A Time,TV Show,1 Season
Soundtrack,TV Show,1 Season
Crash Landing on You,TV Show,1 Season
Holy Expectations,Movie,89 min
6 Underground,Movie,129 min
The 9th Precinct,Movie,95 min
The Sky Is Pink,Movie,143 min
Michelle Wolf: Joke Show,Movie,60 min
Baby Dolls,Movie,127 min
Dead Kids,Movie,94 min
High End Yaariyan,Movie,120 min
Wandering Stars,Movie,95 min
Little Singham,TV Show,1 Season
Sintonia,TV Show,1 Season
The Family,TV Show,1 Season
The InBESTigators,TV Show,1 Season
Tiny House Nation,TV Show,1 Season
Westside vs. the World,Movie,96 min
Dollar,TV Show,1 Season
The Naked Director,TV Show,1 Season
Wu Assassins,TV Show,1 Season
Badla,Movie,117 min
The Pursuit,Movie,76 min
Enter the Anime,Movie,59 min
Back to School,Movie,84 min
CAROLE & TUESDAY,TV Show,1 Season
Mi amigo Alexis,Movie,102 min
Styling Hollywood,TV Show,1 Season
Expo,Movie,81 min
Falling Inn Love,Movie,98 min
Kardec,Movie,110 min
Fanatic,Movie,91 min
Kaake Da Viyah,Movie,133 min
Mayday Life,Movie,120 min
Rust Valley Restorers,TV Show,1 Season
Saavat,Movie,118 min
Love Alarm,TV Show,1 Season
American Factory,Movie,110 min
Hyperdrive,TV Show,1 Season
Simon Amstell: Set Free,Movie,52 min
Basketball or Nothing,TV Show,1 Season
Léa & I,Movie,84 min
Otherhood,Movie,101 min
Uriyadi 2,Movie,116 min
45 rpm,TV Show,1 Season
Better Than Us,TV Show,1 Season
Diagnosis,TV Show,1 Season
For Love or Money,Movie,95 min
Green Frontier,TV Show,1 Season
Sextuplets,Movie,100 min
The King's Avatar,TV Show,1 Season
The Little Switzerland,Movie,86 min
Cannon Busters,TV Show,1 Season
Til Death Do Us Part,TV Show,1 Season
Whindersson Nunes: Adult,Movie,69 min
Happy Jail,TV Show,1 Season
Uyare,Movie,119 min
90 ML,Movie,123 min
Woodstock,Movie,97 min
DC Super Hero Girls,TV Show,1 Season
Petta (Telugu Version),Movie,170 min
Alien Warfare,Movie,88 min
Backfire,Movie,97 min
Our Planet,TV Show,1 Season
Petta,Movie,170 min
Quicksand,TV Show,1 Season
Tijuana,TV Show,1 Season
Unicorn Store,Movie,92 min
Possessed,TV Show,1 Season
A Home with A View,Movie,92 min
Chambers,TV Show,1 Season
Loving is Losing,Movie,91 min
Money Trap,Movie,122 min
Street Food,TV Show,1 Season
Little Singham in London,Movie,66 min
Grass Is Greener,Movie,98 min
Lunatics,TV Show,1 Season
Music Teacher,Movie,102 min
Rilakkuma and Kaoru,TV Show,1 Season
Someone Great,Movie,92 min
The Ruthless,Movie,111 min
The Creative Brain,Movie,53 min
A Land Imagined,Movie,95 min
Huge in France,TV Show,1 Season
Special,TV Show,1 Season
The Perfect Date,Movie,91 min
Black Summer,TV Show,1 Season
Persona,TV Show,1 Season
The Silence,Movie,91 min
You vs. Wild,TV Show,1 Season
706,Movie,118 min
Ultraman,TV Show,1 Season
Elite,TV Show,2 Seasons
Gotham,TV Show,5 Seasons
El Marginal,TV Show,3 Seasons
Explained,TV Show,2 Seasons
Glitch,TV Show,3 Seasons
Locked Up,TV Show,4 Seasons
Disenchantment,TV Show,2 Seasons
Fastest Car,TV Show,2 Seasons
The Blacklist,TV Show,6 Seasons
I'm Sorry,TV Show,2 Seasons
The Chef Show,TV Show,2 Seasons
The Ranch,TV Show,7 Seasons
Scream,TV Show,3 Seasons
Creeped Out,TV Show,2 Seasons
Peaky Blinders,TV Show,5 Seasons
Rotten,TV Show,2 Seasons
Super Monsters,TV Show,3 Seasons
KENGAN ASHURA,TV Show,2 Seasons
Flavorful Origins,TV Show,2 Seasons
Jeopardy!,TV Show,5 Seasons
BoJack Horseman,TV Show,6 Seasons
Greenhouse Academy,TV Show,3 Seasons
The Kominsky Method,TV Show,2 Seasons
Baby,TV Show,2 Seasons
MeatEater,TV Show,4 Seasons
The House of Flowers,TV Show,2 Seasons
Chosen,TV Show,2 Seasons
Haunted,TV Show,2 Seasons
Insatiable,TV Show,2 Seasons
The Hook Up Plan,TV Show,2 Seasons
YooHoo to the Rescue,TV Show,2 Seasons
Schitt's Creek,TV Show,5 Seasons
Carmen Sandiego,TV Show,2 Seasons
Little Things,TV Show,3 Seasons
Busted!,TV Show,2 Seasons
Wild District,TV Show,2 Seasons
Millennials,TV Show,2 Seasons
Chip and Potato,TV Show,2 Seasons
La Reina del Sur,TV Show,2 Seasons
High Seas,TV Show,2 Seasons
Nailed It! Holiday!,TV Show,2 Seasons
The Dragon Prince,TV Show,3 Seasons
The Crown,TV Show,3 Seasons
Llama Llama,TV Show,2 Seasons
The Toys That Made Us,TV Show,3 Seasons
The Yard,TV Show,2 Seasons
Chief of Staff,TV Show,2 Seasons
Atypical,TV Show,3 Seasons
The Deep,TV Show,3 Seasons
Lucifer,TV Show,4 Seasons
Bad Blood,TV Show,2 Seasons
Supernatural,TV Show,14 Seasons
Arrested Development,TV Show,5 Seasons
Supergirl,TV Show,4 Seasons
Riverdale,TV Show,3 Seasons
The Flash,TV Show,5 Seasons
Arrow,TV Show,7 Seasons
Prince of Peoria,TV Show,2 Seasons
Nailed It,TV Show,3 Seasons
The Rain,TV Show,2 Seasons
White Gold,TV Show,2 Seasons
Easy,TV Show,3 Seasons
The Mechanism,TV Show,2 Seasons
On My Block,TV Show,2 Seasons
Santa Clarita Diet,TV Show,3 Seasons
Black Lightning,TV Show,2 Seasons
The OA,TV Show,2 Seasons
Larva Island,TV Show,2 Seasons
3%,TV Show,3 Seasons
Designated Survivor,TV Show,3 Seasons
Black Mirror,TV Show,5 Seasons
Madam Secretary,TV Show,5 Seasons
Documentary Now!,TV Show,3 Seasons
Dynasty,TV Show,2 Seasons
Dope,TV Show,3 Seasons
Instant Hotel,TV Show,2 Seasons
Motown Magic,TV Show,2 Seasons
Slasher,TV Show,3 Seasons
Forest of Piano,TV Show,2 Seasons
Dark,TV Show,2 Seasons
Girls Incarcerated,TV Show,2 Seasons
Go! Live Your Way,TV Show,2 Seasons
The Casketeers,TV Show,2 Seasons
The Confession Tapes,TV Show,2 Seasons
Aggretsuko,TV Show,2 Seasons
Black Spot,TV Show,2 Seasons
El desconocido,TV Show,2 Seasons
Marvel's Jessica Jones,TV Show,3 Seasons
Kakegurui,TV Show,2 Seasons
Free Rein,TV Show,3 Seasons
Kakegurui,TV Show,2 Seasons
Stranger Things,TV Show,3 Seasons
The Letdown,TV Show,2 Seasons
Yummy Mummies,TV Show,2 Seasons
My First First Love,TV Show,2 Seasons
Orange Is the New Black,TV Show,7 Seasons
Sugar Rush,TV Show,2 Seasons
The Worst Witch,TV Show,3 Seasons
La casa de papel,TV Show,3 Seasons
Last Chance U,TV Show,4 Seasons
Queer Eye,TV Show,4 Seasons
Pinky Malinky,TV Show,3 Seasons
3Below: Tales of Arcadia,TV Show,2 Seasons
Bonus Family,TV Show,3 Seasons
Club of Crows,TV Show,4 Seasons
Marvel's The Punisher,TV Show,2 Seasons
Hip-Hop Evolution,TV Show,3 Seasons
Booba,TV Show,3 Seasons
Grace and Frankie,TV Show,5 Seasons
Friends from College,TV Show,2 Seasons
Horrid Henry,TV Show,2 Seasons
Harvey Street Kids,TV Show,3 Seasons
COMEDIANS of the world,TV Show,13 Seasons
Big Mouth,TV Show,3 Seasons
Man Like Mobeen,TV Show,2 Seasons
One Day at a Time,TV Show,3 Seasons
Chef's Table,TV Show,6 Seasons
Suburra: Blood on Rome,TV Show,2 Seasons
Cable Girls,TV Show,4 Seasons
GLOW,TV Show,3 Seasons
IZombie,TV Show,5 Seasons
Jane The Virgin,TV Show,5 Seasons
No Good Nick,TV Show,2 Seasons
Mighty Little Bheem,TV Show,2 Seasons
Workin' Moms,TV Show,3 Seasons
Million Pound Menu,TV Show,2 Seasons
13 Reasons Why,TV Show,3 Seasons
HERO MASK,TV Show,2 Seasons
Ask the StoryBots,TV Show,3 Seasons
Dear White People,TV Show,3 Seasons
Derry Girls,TV Show,2 Seasons
MINDHUNTER,TV Show,2 Seasons
QB1: Beyond the Lights,TV Show,3 Seasons
Sacred Games,TV Show,2 Seasons
The 100,TV Show,6 Seasons
Knightfall,TV Show,2 Seasons
Wentworth,TV Show,7 Seasons
Men on a Mission,TV Show,4 Seasons
Spirit: Riding Free,TV Show,8 Seasons
Kim's Convenience,TV Show,3 Seasons
The Protector,TV Show,2 Seasons
Cuckoo,TV Show,5 Seasons
Samantha!,TV Show,2 Seasons
Crazy Ex-Girlfriend,TV Show,4 Seasons
Pokémon the Series,TV Show,2 Seasons
